IP Address,Access Time
192.168.1.100,2025-06-18 12:30:51
185.37.213.5,2025-06-18 12:30:51
82.215.64.1,2025-06-18 12:30:51
2025-07-12 18:15:53,34.204.40.58,/vote
2025-07-12 18:15:54,84.54.84.241,/vote
2025-07-12 18:16:02,84.54.84.241,/vote
2025-07-12 18:18:25,34.204.40.58,/vote
2025-07-12 18:18:30,84.54.84.241,/vote
2025-07-12 18:19:33,34.204.40.58,/vote
2025-07-12 18:19:35,84.54.84.241,/vote
2025-07-12 18:19:48,84.54.84.241,/vote
2025-07-12 18:22:18,34.204.40.58,/vote
2025-07-12 18:23:31,34.204.40.58,/vote
2025-07-12 18:23:39,84.54.84.241,/vote
2025-07-18 12:16:20,93.188.83.182,/vote
2025-07-18 12:17:12,93.188.83.182,/vote
2025-07-24 12:36:10,34.204.40.58,/vote
2025-07-24 12:36:12,90.156.163.159,/vote
2025-07-24 12:36:17,90.156.163.159,/vote
2025-07-24 12:36:40,90.156.163.159,/vote
2025-07-24 12:37:22,34.204.40.58,/vote
2025-07-24 12:37:25,90.156.163.159,/vote
2025-07-24 12:40:10,34.204.40.58,/vote
2025-07-25 10:46:13,34.204.40.58,/vote
2025-07-25 10:46:16,90.156.163.159,/vote
2025-07-25 10:49:43,34.204.40.58,/vote
2025-07-25 10:49:46,90.156.163.159,/vote
2025-07-25 11:02:57,34.204.40.58,/vote
2025-07-25 11:05:54,34.204.40.58,/vote
2025-07-25 11:06:22,34.204.40.58,/vote
2025-07-25 11:09:54,34.204.40.58,/vote
2025-07-25 11:16:45,34.204.40.58,/vote
2025-07-25 11:17:01,90.156.163.159,/vote
2025-07-25 11:17:07,90.156.163.159,/vote
2025-07-25 11:17:43,90.156.163.159,/vote
2025-07-25 11:18:21,34.204.40.58,/vote
2025-07-25 11:18:28,90.156.163.159,/vote
2025-07-25 11:19:47,90.156.163.159,/vote
2025-07-25 11:19:56,34.204.40.58,/vote
2025-07-25 11:21:34,34.204.40.58,/vote
2025-07-25 11:21:47,90.156.163.159,/vote
2025-07-30 16:01:43,90.156.163.159,/vote
2025-07-30 16:02:48,90.156.163.159,/vote
2025-08-02 15:50:34,149.154.161.201,/vote
2025-08-02 15:50:53,188.113.222.42,/vote
2025-08-02 15:54:48,188.113.222.42,/vote
2025-08-02 15:56:48,188.113.222.42,/vote
2025-08-02 16:00:01,188.113.222.42,/vote
2025-08-02 16:00:37,188.113.222.42,/vote
2025-08-02 16:07:00,188.113.222.42,/vote
2025-08-02 16:07:31,188.113.222.42,/vote
2025-08-03 08:44:58,188.113.238.63,/vote
2025-08-03 08:46:09,188.113.238.63,/vote
2025-08-09 10:49:05,84.54.94.238,/vote
2025-08-09 10:49:05,84.54.94.238,/vote
2025-08-09 10:51:28,84.54.94.238,/vote
2025-08-11 16:26:00,188.113.210.255,/vote
2025-08-14 05:03:13,188.113.213.108,/vote
2025-08-14 05:03:28,188.113.213.108,/vote
2025-08-14 05:45:24,188.113.213.108,/vote
2025-08-15 11:16:24,188.113.246.128,/vote
2025-08-15 11:17:41,188.113.246.128,/vote
2025-08-15 11:17:52,188.113.246.128,/vote
2025-08-15 11:19:19,188.113.246.128,/vote
2025-08-18 06:30:35,188.113.212.203,/vote
2025-08-18 06:31:59,188.113.212.203,/vote
2025-08-18 06:32:41,188.113.212.203,/vote
2025-08-19 18:00:48,34.204.40.58,/vote
2025-08-19 18:00:50,84.54.94.214,/vote
2025-08-19 18:01:44,34.204.40.58,/vote
2025-08-19 18:01:47,84.54.94.214,/vote
2025-08-19 18:02:56,34.204.40.58,/vote
2025-08-19 18:02:59,84.54.94.214,/vote
2025-08-19 18:06:37,34.204.40.58,/vote
2025-08-19 18:09:05,34.204.40.58,/vote
2025-08-19 18:15:37,34.204.40.58,/vote
2025-08-19 18:17:00,34.204.40.58,/vote
2025-08-19 18:19:10,34.204.40.58,/vote
2025-08-19 18:38:11,34.204.40.58,/vote
2025-08-19 18:46:14,34.204.40.58,/vote
2025-08-19 18:46:30,84.54.94.214,/vote
2025-08-19 18:46:34,84.54.94.214,/vote
2025-08-19 18:47:51,34.204.40.58,/vote
2025-08-19 18:50:13,34.204.40.58,/vote
2025-08-19 18:57:09,34.204.40.58,/vote
2025-08-19 18:57:12,84.54.94.214,/vote
2025-08-19 19:08:36,84.54.94.214,/vote
2025-08-20 06:07:52,188.113.206.190,/vote
2025-08-20 08:57:43,188.113.250.7,/vote
2025-08-20 08:59:02,188.113.250.7,/vote
2025-08-20 09:00:28,188.113.250.7,/vote
2025-08-20 09:00:54,188.113.250.7,/vote
2025-08-20 09:01:27,188.113.250.7,/vote
2025-08-20 09:02:42,188.113.250.7,/vote
2025-08-20 09:03:28,188.113.250.7,/vote
2025-08-20 09:13:32,34.204.40.58,/vote
2025-08-20 09:14:52,34.204.40.58,/vote
2025-08-20 09:15:12,188.113.250.7,/vote
2025-08-20 09:25:13,188.113.250.7,/vote
2025-08-21 05:57:58,188.113.235.75,/vote
2025-08-21 06:05:58,188.113.235.75,/vote
2025-08-21 06:06:24,188.113.235.75,/vote
2025-08-21 06:07:56,188.113.235.75,/vote
2025-08-21 06:08:04,188.113.235.75,/vote
2025-08-21 06:08:20,188.113.235.75,/vote
2025-08-21 06:12:55,188.113.235.75,/vote
2025-08-21 06:21:21,188.113.235.75,/vote
2025-08-21 06:24:36,34.204.40.58,/vote
2025-08-21 06:24:39,188.113.235.75,/vote
2025-08-21 06:26:43,188.113.235.75,/vote
2025-08-21 06:26:43,188.113.235.75,/vote
2025-08-21 06:41:02,188.113.235.75,/vote
2025-08-21 06:43:27,34.204.40.58,/vote
2025-08-21 06:43:32,188.113.235.75,/vote
2025-08-21 06:46:56,188.113.235.75,/vote
2025-08-21 06:47:40,188.113.235.75,/vote
2025-08-21 07:01:35,34.204.40.58,/vote
2025-08-21 07:04:51,34.204.40.58,/vote
2025-08-21 07:08:59,34.204.40.58,/vote
2025-08-21 07:17:50,188.113.235.75,/vote
2025-08-21 07:18:44,188.113.235.75,/vote
2025-08-21 07:18:54,188.113.235.75,/vote
2025-08-21 07:22:22,34.204.40.58,/vote
2025-08-21 07:26:25,34.204.40.58,/vote
2025-08-21 07:27:18,34.204.40.58,/vote
2025-08-21 07:29:41,34.204.40.58,/vote
2025-08-21 07:32:17,34.204.40.58,/vote
2025-08-21 07:33:00,34.204.40.58,/vote
2025-08-21 07:33:21,34.204.40.58,/vote
2025-08-21 07:41:33,188.113.235.75,/vote
2025-08-21 07:42:55,34.204.40.58,/vote
2025-08-21 07:46:28,34.204.40.58,/vote
2025-08-21 07:51:12,34.204.40.58,/vote
2025-08-21 07:56:19,34.204.40.58,/vote
2025-08-21 09:33:44,188.113.235.26,/vote
2025-08-21 09:35:51,188.113.235.26,/vote
2025-08-21 09:36:10,188.113.235.26,/vote
2025-08-21 09:55:51,34.204.40.58,/vote
2025-08-21 09:56:42,34.204.40.58,/vote
2025-08-21 10:05:33,34.204.40.58,/vote
2025-08-21 10:05:38,34.204.40.58,/vote
2025-08-21 10:07:51,34.204.40.58,/vote
2025-08-21 10:10:02,34.204.40.58,/vote
2025-08-21 10:12:05,34.204.40.58,/vote
2025-08-21 10:12:28,34.204.40.58,/vote
2025-08-21 10:15:44,34.204.40.58,/vote
2025-08-21 10:25:28,34.204.40.58,/vote
2025-08-21 10:29:22,34.204.40.58,/vote
2025-08-21 10:34:17,34.204.40.58,/vote
2025-08-21 10:37:56,34.204.40.58,/vote
2025-08-21 10:39:33,34.204.40.58,/vote
2025-08-21 10:44:11,34.204.40.58,/vote
2025-08-21 10:50:58,34.204.40.58,/vote
2025-08-21 10:56:06,34.204.40.58,/vote
2025-08-22 03:35:50,188.113.230.188,/vote
2025-08-26 12:34:40,84.54.84.179,/vote
2025-08-26 12:34:48,84.54.84.179,/vote
2025-08-27 10:53:35,188.113.207.28,/vote
2025-08-27 10:54:45,188.113.207.28,/vote
2025-08-27 10:54:47,188.113.207.28,/vote
2025-08-27 10:56:01,188.113.207.28,/vote
2025-08-27 10:58:08,188.113.207.28,/vote
2025-08-30 09:45:34,84.54.78.94,/vote
2025-08-30 09:46:22,84.54.78.94,/vote
2025-08-30 09:46:22,84.54.78.94,/vote
2025-08-30 10:05:18,84.54.78.94,/vote
2025-08-30 10:05:19,84.54.78.94,/vote
2025-08-30 10:57:07,84.54.78.94,/vote
2025-08-30 10:57:08,84.54.78.94,/vote
2025-08-30 11:09:06,84.54.78.94,/vote
2025-08-30 11:09:08,84.54.78.94,/vote
2025-08-30 17:29:50,84.54.78.94,/vote
2025-08-30 17:29:51,84.54.78.94,/vote
2025-08-30 17:30:06,84.54.78.94,/vote
2025-08-30 17:30:06,84.54.78.94,/vote
2025-08-30 17:45:43,84.54.78.94,/vote
2025-08-30 17:45:45,84.54.78.94,/vote
2025-08-30 17:45:47,84.54.78.94,/vote
2025-08-30 17:45:49,84.54.78.94,/vote
2025-08-30 17:45:51,84.54.78.94,/vote
2025-08-30 17:45:52,84.54.78.94,/vote
2025-08-30 17:45:52,84.54.78.94,/vote
2025-08-30 17:45:53,84.54.78.94,/vote
2025-08-30 17:45:54,84.54.78.94,/vote
2025-08-30 17:45:54,84.54.78.94,/vote
2025-08-30 17:45:55,84.54.78.94,/vote
2025-08-30 17:45:56,84.54.78.94,/vote
2025-08-30 17:45:58,84.54.78.94,/vote
2025-08-30 17:46:10,84.54.78.94,/vote
2025-08-30 17:46:18,84.54.78.94,/vote
2025-08-30 17:46:20,84.54.78.94,/vote
2025-08-30 17:46:20,84.54.78.94,/vote
2025-08-30 17:46:42,84.54.78.94,/vote
2025-08-31 05:59:10,84.54.78.94,/vote
2025-08-31 05:59:10,84.54.78.94,/vote
2025-08-31 06:12:53,84.54.78.94,/vote
2025-08-31 06:50:35,84.54.78.94,/vote
2025-08-31 06:51:41,34.204.40.58,/vote
2025-08-31 06:51:55,84.54.78.94,/vote
2025-08-31 06:52:11,84.54.78.94,/vote
2025-08-31 06:52:18,84.54.78.94,/vote
2025-08-31 06:56:04,34.204.40.58,/vote
2025-08-31 06:58:11,34.204.40.58,/vote
2025-08-31 06:58:22,84.54.78.94,/vote
2025-08-31 06:58:32,84.54.78.94,/vote
2025-08-31 07:04:00,34.204.40.58,/vote
2025-08-31 07:04:23,84.54.78.94,/vote
2025-08-31 07:04:38,84.54.78.94,/vote
2025-08-31 07:08:14,84.54.78.94,/vote
2025-08-31 07:49:40,84.54.78.94,/vote
2025-08-31 07:50:42,84.54.78.94,/vote
2025-08-31 07:51:22,84.54.78.94,/vote
2025-08-31 07:51:37,84.54.78.94,/vote
2025-08-31 07:55:46,84.54.78.94,/vote
2025-08-31 15:51:57,34.204.40.58,/vote
2025-08-31 15:52:33,34.204.40.58,/vote
2025-08-31 16:04:28,34.204.40.58,/vote
2025-08-31 16:06:49,34.204.40.58,/vote
2025-08-31 16:07:15,34.204.40.58,/vote
2025-08-31 16:08:54,34.204.40.58,/vote
2025-08-31 16:08:59,84.54.78.94,/vote
2025-09-03 09:47:43,95.214.210.36,/vote
2025-09-03 09:48:13,95.214.210.36,/vote
2025-09-03 09:49:11,95.214.210.36,/vote
2025-09-03 09:49:18,95.214.210.36,/vote
2025-09-04 09:58:00,213.230.78.111,/vote
2025-09-04 09:58:11,213.230.78.111,/vote
2025-09-04 09:58:59,213.230.78.111,/vote
2025-09-04 10:00:07,213.230.78.111,/vote
2025-09-04 10:16:35,213.230.78.111,/vote
2025-09-11 09:59:23,213.230.76.120,/vote
2025-09-11 09:59:23,213.230.76.120,/vote
2025-09-11 10:00:08,213.230.76.120,/vote
2025-09-11 10:01:11,213.230.76.120,/vote
2025-09-13 06:17:07,213.206.60.196,/vote
2025-09-13 06:17:25,213.206.60.196,/vote
2025-09-13 09:27:48,213.206.60.196,/vote
2025-09-17 08:46:26,94.230.229.204,/vote
2025-09-18 15:36:20,84.54.66.154,/vote
2025-10-02 08:18:08,213.206.60.225,/vote
2025-10-02 08:18:18,213.206.60.225,/vote
2025-10-02 08:45:14,213.206.60.225,/vote
2025-10-02 08:52:58,213.206.60.225,/vote
2025-10-04 04:50:08,213.206.61.215,/vote
2025-10-04 04:50:13,66.249.81.226,/vote
2025-10-04 04:50:14,66.249.81.224,/vote
2025-10-04 04:50:14,66.249.81.224,/vote
2025-10-04 04:50:34,213.206.61.215,/vote
2025-10-04 15:22:44,188.113.234.207,/vote
2025-10-06 06:24:35,84.54.120.155,/vote
2025-10-06 06:26:02,84.54.120.155,/vote
2025-10-07 05:31:03,84.54.120.155,/vote
2025-10-07 05:31:48,84.54.120.155,/vote
2025-10-12 11:42:43,213.230.76.85,/vote
2025-10-12 14:48:11,213.230.76.85,/vote
2025-10-12 14:48:12,213.230.76.85,/vote
2025-10-12 14:50:53,213.230.76.85,/vote
